Pages, Accessing all of them 100000 times
1, 205
2, 193
3, 202
4, 222
5, 219
6, 199
7, 197
8, 230
9, 229
10, 312
11, 511
12, 482
13, 590
14, 534
15, 470
16, 556
17, 477
18, 488
19, 526
20, 560
21, 600
22, 567
23, 627
24, 641
25, 638
26, 736
27, 952
28, 916
29, 869
30, 880
31, 842
32, 868
33, 858
34, 853
35, 858
36, 840
37, 866
38, 885
39, 843
40, 880
41, 869
42, 870
43, 858
44, 878
45, 860
46, 870
47, 844
48, 842
49, 857
50, 867
51, 855
52, 862
53, 862
54, 856
55, 857
56, 848
57, 859
58, 840
59, 876
60, 873
61, 859
62, 817
63, 816
64, 821
128, 822
256, 843
512, 845
1024, 847
2048, 628
4096, 1176
8192, 1650
16384, 1799
32768, 1875
65536, 1896
